<?xml version="1.0" encoding="utf-8"?>
<fmiModelDescription fmiVersion="2.0" modelName="PsycrometricFMU"
  guid="12345678-90ab-cdef-1234-567890abcdef"
  author="AutoGenerated"
  generationTool="CustomPythonFMU"
  variableNamingConvention="flat">
  <CoSimulation modelIdentifier="model" canHandleVariableCommunicationStepSize="true" />
  <ModelVariables>
    <ScalarVariable name="u0" valueReference="0" causality="input" variability="continuous">
      <Real start="0.0" />
    </ScalarVariable>
    <ScalarVariable name="u1" valueReference="1" causality="input" variability="continuous">
      <Real start="0.0" />
    </ScalarVariable>
    <ScalarVariable name="u2" valueReference="2" causality="input" variability="continuous">
      <Real start="0.0" />
    </ScalarVariable>
    <ScalarVariable name="u3" valueReference="3" causality="input" variability="continuous">
      <Real start="0.0" />
    </ScalarVariable>
    <ScalarVariable name="u4" valueReference="4" causality="input" variability="continuous">
      <Real start="0.0" />
    </ScalarVariable>
    <ScalarVariable name="u5" valueReference="5" causality="input" variability="continuous">
      <Real start="0.0" />
    </ScalarVariable>
    <ScalarVariable name="u6" valueReference="6" causality="input" variability="continuous">
      <Real start="0.0" />
    </ScalarVariable>
    <ScalarVariable name="u7" valueReference="7" causality="input" variability="continuous">
      <Real start="0.0" />
    </ScalarVariable>
    <ScalarVariable name="u8" valueReference="8" causality="input" variability="continuous">
      <Real start="0.0" />
    </ScalarVariable>
    <ScalarVariable name="u9" valueReference="9" causality="input" variability="continuous">
      <Real start="0.0" />
    </ScalarVariable>
    <ScalarVariable name="u10" valueReference="10" causality="input" variability="continuous">
      <Real start="0.0" />
    </ScalarVariable>
    <ScalarVariable name="u11" valueReference="11" causality="input" variability="continuous">
      <Real start="0.0" />
    </ScalarVariable>
    <ScalarVariable name="u12" valueReference="12" causality="input" variability="continuous">
      <Real start="0.0" />
    </ScalarVariable>
    <ScalarVariable name="u13" valueReference="13" causality="input" variability="continuous">
      <Real start="0.0" />
    </ScalarVariable>
    <ScalarVariable name="u14" valueReference="14" causality="input" variability="continuous">
      <Real start="0.0" />
    </ScalarVariable>
    <ScalarVariable name="u15" valueReference="15" causality="input" variability="continuous">
      <Real start="0.0" />
    </ScalarVariable>
    <ScalarVariable name="u16" valueReference="16" causality="input" variability="continuous">
      <Real start="0.0" />
    </ScalarVariable>
    <ScalarVariable name="u17" valueReference="17" causality="input" variability="continuous">
      <Real start="0.0" />
    </ScalarVariable>
    <ScalarVariable name="mass_balance" valueReference="18" causality="output" variability="continuous" initial="calculated">
      <Real />
    </ScalarVariable>
    <ScalarVariable name="energy_balance" valueReference="19" causality="output" variability="continuous" initial="calculated">
      <Real />
    </ScalarVariable>
    <ScalarVariable name="mdot_air_in" valueReference="20" causality="output" variability="continuous" initial="calculated">
      <Real />
    </ScalarVariable>
    <ScalarVariable name="mdot_air_out" valueReference="21" causality="output" variability="continuous" initial="calculated">
      <Real />
    </ScalarVariable>
    <ScalarVariable name="Q_in" valueReference="22" causality="output" variability="continuous" initial="calculated">
      <Real />
    </ScalarVariable>
    <ScalarVariable name="Q_out" valueReference="23" causality="output" variability="continuous" initial="calculated">
      <Real />
    </ScalarVariable>
  </ModelVariables>
  <ModelStructure>
    <Outputs>
      <Unknown index="19" />
      <Unknown index="20" />
      <Unknown index="21" />
      <Unknown index="22" />
      <Unknown index="23" />
      <Unknown index="24" />
    </Outputs>
    <InitialUnknowns>
      <Unknown index="19" />
      <Unknown index="20" />
      <Unknown index="21" />
      <Unknown index="22" />
      <Unknown index="23" />
      <Unknown index="24" />
    </InitialUnknowns>
  </ModelStructure>
</fmiModelDescription>