"time","t_out","internal_gains","solar_gains"
0,-2.24,80.0,0.0
3600,-3.20,80.0,0.0
7200,-3.80,80.0,0.0
10800,-4.00,80.0,0.0
14400,-3.80,80.0,0.0
18000,-3.20,80.0,0.0
21600,-2.24,80.0,0.0
25200,-1.00,80.0,0.0
28800,0.45,300.0,185.4
32400,2.00,300.0,352.7
36000,3.55,300.0,485.4
39600,5.00,300.0,570.6
43200,6.24,300.0,600.0
46800,7.20,300.0,570.6
50400,7.80,300.0,485.4
54000,8.00,300.0,352.7
57600,7.80,300.0,185.4
61200,7.20,300.0,0.0
64800,6.24,80.0,0.0
68400,5.00,80.0,0.0
72000,3.55,80.0,0.0
75600,2.00,80.0,0.0
79200,0.45,80.0,0.0
82800,-1.00,80.0,0.0
86400,-2.24,80.0,0.0
90000,-3.20,80.0,0.0
93600,-3.80,80.0,0.0
97200,-4.00,80.0,0.0
100800,-3.80,80.0,0.0
104400,-3.20,80.0,0.0
108000,-2.24,80.0,0.0
111600,-1.00,80.0,0.0
115200,0.45,300.0,185.4
118800,2.00,300.0,352.7
122400,3.55,300.0,485.4
126000,5.00,300.0,570.6
129600,6.24,300.0,600.0
133200,7.20,300.0,570.6
136800,7.80,300.0,485.4
140400,8.00,300.0,352.7
144000,7.80,300.0,185.4
147600,7.20,300.0,0.0
151200,6.24,80.0,0.0
154800,5.00,80.0,0.0
158400,3.55,80.0,0.0
162000,2.00,80.0,0.0
165600,0.45,80.0,0.0
169200,-1.00,80.0,0.0
172800,-2.24,80.0,0.0
